{
  "mode": "merged",
  "rank": 4,
  "method": "STRIP (Gao et al., 2019)",
  "n_test_samples": 50,
  "n_perturbations": 20,
  "avg_triggered_entropy": 1.6876750698996512,
  "avg_clean_entropy": 1.7407147979371,
  "entropy_gap": 0.05303972803744883,
  "threshold": 1.0,
  "verdict": "CLEAN \u2014 no strong backdoor signal detected",
  "triggered_entropies": [
    1.8032982870044423,
    1.3303162826349144,
    1.9991638126818403,
    1.6094379117341004,
    1.274530394806362,
    1.8987754121486642,
    1.692281459917537,
    1.9899913091731525,
    1.8444397262569683,
    1.274530394806362,
    1.2013670037689854,
    1.5410184469447628,
    1.9036866875376184,
    1.5671808540329901,
    1.5120980294146709,
    1.9433779249532876,
    2.0854684343173746,
    1.9172155177650603,
    1.9468389983053855,
    1.4978661360769954,
    1.7480673477460895,
    1.4023890109327735,
    0.7083465773061715,
    1.8875920371247354,
    1.7489626011127462,
    2.0423161235496075,
    1.8910531104768329,
    2.0820073608652767,
    1.6773975263522594,
    1.4689457186469037,
    2.220636796877266,
    2.106719566116648,
    1.4978661360769954,
    1.8875920371247354,
    0.5181862127502128,
    2.0253262198700677,
    1.591092904716725,
    1.3661588468692019,
    2.1547831523733687,
    1.5410184469447628,
    0.7083465773061715,
    1.692281459917537,
    2.125159671733044,
    1.596804334773315,
    1.7480673477460897,
    1.8987754121486642,
    1.2772884051482265,
    1.9123042422761063,
    2.0820073608652767,
    1.943377924953288
  ],
  "clean_entropies": [
    0.5875009307062073,
    1.3661588468692019,
    1.7785860816530714,
    1.9036866874376184,
    1.7990370586847089,
    1.877524280349391,
    2.012692642909282,
    2.108169768053504,
    1.874063206897293,
    1.9468389983053855,
    1.8513618731611634,
    1.6350453703521282,
    1.4427833114586763,
    1.7219049405578621,
    1.9137544442129626,
    2.207107966649824,
    1.543029318660004,
    1.8464505978722094,
    1.4978661360769954,
    1.7219049405578621,
    1.4616359722134236,
    1.8513618731611636,
    1.817382065702084,
    1.4978661360769956,
    1.6103331649007573,
    1.7650572514256293,
    1.7035599335404867,
    1.3661588468692019,
    2.012692642909282,
    2.0854684343173746,
    2.207107966649824,
    1.844439726256968,
    1.9468389984053855,
    1.844439726256968,
    1.7736748063641175,
    1.8740632068972933,
    2.125159671733044,
    1.7912196586138567,
    1.8866967838580786,
    2.0820073608652767,
    0.5875009307062073,
    2.207107966649824,
    1.0700473142904763,
    1.3734685935026816,
    2.1547831523733687,
    1.6075751545588928,
    1.8875920371247354,
    1.6604076226727196,
    1.482887104012697,
    1.8217383925208384
  ]
}